participant_id	stc_ref_time	fmriprep_start	fmriprep_stop
sub-v2s13x29096	n/a	2026-02-22T03:00:13	2026-02-22T08:26:12
sub-v2s13x29097	n/a	2026-03-11T02:59:12	2026-03-11T08:11:55
sub-v2s13x29098	n/a	2026-03-11T03:01:17	2026-03-11T08:08:09
sub-v2s13x29099	n/a	2026-03-11T03:02:20	2026-03-11T07:43:35
sub-v2s13x29100	n/a	2026-03-11T03:03:56	2026-03-11T07:17:12
sub-v2s13x29101	n/a	2026-03-11T03:06:26	2026-03-11T08:08:43
sub-v2s13x29102	n/a	2026-03-11T03:09:48	2026-03-11T08:09:09
sub-v2s13x29103	n/a	2026-03-11T03:11:19	2026-03-11T07:39:22
sub-v2s13x29104	n/a	2026-03-11T03:22:02	2026-03-11T08:40:05
sub-v2s13x29105	n/a	2026-03-11T03:22:55	2026-03-11T08:56:19
sub-v2s13x29106	n/a	2026-03-11T03:27:15	2026-03-11T06:52:16
sub-v2s13x29107	n/a	2026-03-11T03:28:18	2026-03-11T08:41:42
sub-v2s13x29108	n/a	2026-03-11T03:35:06	2026-03-11T08:25:32
sub-v2s13x29109	n/a	2026-03-11T03:39:05	2026-03-11T08:43:02
sub-v2s13x29110	n/a	2026-03-11T03:41:01	2026-03-11T07:47:20
sub-v2s13x29111	n/a	2026-03-11T03:43:15	2026-03-11T08:45:42
sub-v2s13x29112	n/a	2026-03-11T03:43:54	2026-03-11T08:32:25
sub-v2s13x29113	n/a	2026-03-11T03:43:59	2026-03-11T08:28:34
sub-v2s13x29114	n/a	2026-03-11T03:48:40	2026-03-11T08:38:25
sub-v2s13x29115	n/a	2026-03-11T03:59:08	2026-03-11T08:40:43
sub-v2s13x29116	n/a	2026-03-11T04:04:21	2026-03-11T08:59:08
sub-v2s13x29117	n/a	2026-03-11T04:07:40	2026-03-11T09:55:04
sub-v2s13x29118	n/a	2026-03-11T04:15:45	2026-03-11T09:41:52
sub-v2s13x29119	n/a	2026-03-11T04:17:30	2026-03-11T08:58:01
sub-v2s13x29120	n/a	2026-03-11T04:19:29	2026-03-11T08:31:37
sub-v2s13x29121	n/a	2026-03-11T04:20:26	2026-03-11T09:42:57
sub-v2s13x29122	n/a	2026-03-11T04:23:16	2026-03-11T09:33:29
sub-v2s13x29123	n/a	2026-03-11T04:25:43	2026-03-11T09:20:58
sub-v2s13x29124	n/a	2026-03-11T04:31:00	2026-03-11T09:35:28
sub-v2s13x29125	n/a	2026-03-11T04:34:16	2026-03-11T09:34:39
sub-v2s13x29126	n/a	2026-03-11T04:35:46	2026-03-11T09:47:52
sub-v2s13x29127	n/a	2026-03-11T04:44:48	2026-03-11T09:41:47
sub-v2s13x29128	n/a	2026-03-11T04:47:07	2026-03-11T09:52:43
sub-v2s13x29129	n/a	2026-03-11T04:49:48	2026-03-11T09:50:23
sub-v2s13x29130	n/a	2026-03-11T04:49:50	2026-03-11T09:49:30
sub-v2s13x29131	n/a	2026-03-11T04:50:58	2026-03-11T09:52:00
sub-v2s13x29132	n/a	2026-03-11T04:52:11	2026-03-11T10:46:10
sub-v2s13x29133	n/a	2026-03-11T05:01:15	2026-03-11T09:33:58
sub-v2s13x29134	n/a	2026-03-11T05:03:51	2026-03-11T08:38:29
sub-v2s13x29135	n/a	2026-03-11T05:04:36	2026-03-11T10:03:53
sub-v2s13x29136	n/a	2026-03-11T05:12:43	2026-03-11T10:06:06
sub-v2s13x29137	n/a	2026-03-11T05:17:44	2026-03-11T10:35:48
